{
    "expectedValues": [
        100.0,
        97.5,
        98.33333333333333,
        97.5,
        98.0,
        97.0,
        98.0,
        97.0,
        98.0,
        97.0,
        98.0,
        97.0,
        98.0,
        97.0,
        97.7,
        97.9,
        98.5,
        97.7,
        98.0,
        98.3,
        97.7,
        98.1,
        98.7,
        98.4,
        96.8,
        96.7166666666667,
        96.189393939394,
        96.589393939394,
        97.689393939394,
        100.28939393939399
    ],
    "isAnomaly": [
        false,
        false,
        false,
        false,
        false,
        false,
        false,
        false,
        false,
        false,
        false,
        false,
        false,
        false,
        false,
        false,
        false,
        false,
        false,
        false,
        false,
        false,
        false,
        false,
        false,
        true,
        true,
        false,
        false,
        false
    ],
    "isNegativeAnomaly": [
        false,
        false,
        false,
        false,
        false,
        false,
        false,
        false,
        false,
        false,
        false,
        false,
        false,
        false,
        false,
        false,
        false,
        false,
        false,
        false,
        false,
        false,
        false,
        false,
        false,
        true,
        false,
        false,
        false,
        false
    ],
    "isPositiveAnomaly": [
        false,
        false,
        false,
        false,
        false,
        false,
        false,
        false,
        false,
        false,
        false,
        false,
        false,
        false,
        false,
        false,
        false,
        false,
        false,
        false,
        false,
        false,
        false,
        false,
        false,
        false,
        true,
        false,
        false,
        false
    ],
    "lowerMargins": [
        0.09999999999999432,
        2.525,
        1.6833333333333382,
        2.525,
        2.02,
        2.02,
        2.02,
        2.02,
        2.02,
        2.02,
        2.02,
        2.02,
        2.02,
        2.02,
        0.8079999999999972,
        3.1309999999999945,
        0.505,
        1.717000000000003,
        1.5150000000000001,
        1.717000000000003,
        27.572999999999997,
        1.9190000000000058,
        0.3029999999999971,
        3.434000000000006,
        4.847999999999997,
        0.7671666666666681,
        1.0381060606060544,
        4.45471212121206,
        2.8387121212120654,
        4.757712121212071
    ],
    "period": 0,
    "upperMargins": [
        0.09999999999999432,
        2.525,
        1.6833333333333382,
        2.525,
        2.02,
        2.02,
        2.02,
        2.02,
        2.02,
        2.02,
        2.02,
        2.02,
        2.02,
        2.02,
        0.8079999999999972,
        3.1309999999999945,
        0.505,
        1.717000000000003,
        1.5150000000000001,
        1.717000000000003,
        27.572999999999997,
        1.9190000000000058,
        0.3029999999999971,
        3.434000000000006,
        4.847999999999997,
        0.7671666666666681,
        1.0381060606060544,
        4.45471212121206,
        2.8387121212120654,
        4.757712121212071
    ]
}